<?xml version="1.0" encoding="UTF-8"?>

<mule xmlns:edifact-edi="http://www.mulesoft.org/schema/mule/edifact-edi"
	xmlns:context="http://www.springframework.org/schema/context"
	xmlns:mulexml="http://www.mulesoft.org/schema/mule/xml"
	xmlns:http="http://www.mulesoft.org/schema/mule/http" xmlns="http://www.mulesoft.org/schema/mule/core" xmlns:doc="http://www.mulesoft.org/schema/mule/documentation"
	xmlns:spring="http://www.springframework.org/schema/beans" 
	xmlns:xsi="http://www.w3.org/2001/XMLSchema-instance"
	xsi:schemaLocation="http://www.mulesoft.org/schema/mule/edifact-edi http://www.mulesoft.org/schema/mule/edifact-edi/current/mule-edifact-edi.xsd
http://www.springframework.org/schema/context http://www.springframework.org/schema/context/spring-context-current.xsd
http://www.mulesoft.org/schema/mule/xml http://www.mulesoft.org/schema/mule/xml/current/mule-xml.xsd
http://www.springframework.org/schema/beans http://www.springframework.org/schema/beans/spring-beans-current.xsd
http://www.mulesoft.org/schema/mule/core http://www.mulesoft.org/schema/mule/core/current/mule.xsd
http://www.mulesoft.org/schema/mule/http http://www.mulesoft.org/schema/mule/http/current/mule-http.xsd">

	<configuration  doc:name="Configuration">
		<expression-language autoResolveVariables="true">
			<import class="com.redn.connect.i3klen001.constants.IConstants"/>
			<import class="com.redn.connect.constants.ConnectConstants"/>
			<import class="com.redn.connect.exception.Category"/>
			<import class="com.redn.connect.util.ConnectUtils"/>
		</expression-language>
	</configuration>
	
	<mulexml:jaxb-context name="ZORDER_LEN_IDoc_Context"
		packageNames="com.redn.connect.zorder.len" doc:name="ZORDER_LEN IDoc Context" />
	
	
	<spring:beans>
	
	<spring:bean id="springExtractPayloadProcessorBeanId" name="springExtractPayloadProcessorBean"
			class="com.redn.connect.processor.ExtractPayloadProcessor">
	</spring:bean> 
	
	<spring:bean id="springExtractORDERSMsgTypeInterfacePropertiesBeanId" name="springExtractORDERSMsgTypeInterfacePropertiesBean" class="com.redn.connect.modifiers.ExtractORDERSMsgTypeInterfaceProperties">
	</spring:bean>
	
	
	 <spring:bean id="connectConfigBean" name="connectConfigBean"
                     class="com.redn.connect.processor.connectconfig.ConnectConfiguration">

                     <!-- <spring:property name="location" value="connect_config_i3klen001.properties" /> -->
                     <spring:property name="location" value="connect_config_i3klen001.properties" />
       </spring:bean>
       <spring:bean id="springEdifactToIDocProcessorBean" name="springEdifactToIDocProcessorBean" class="com.redn.connect.i3klen001.processor.EdifactToIDocProcessor"/> 
       
       <spring:bean id="springUpdateCEMWithIDOCBeanId" class="com.redn.connect.i3klen001.transformer.UpdateCEMWithIDOC" name="springUpdateCEMWithIDOCBean"></spring:bean>
       
    </spring:beans>
    
    <edifact-edi:config name="EDIFACT_EDI" doc:name="EDIFACT EDI"  lineEnding="CR"  sendUniqueGroupNumbers="true"   unusedSegmentPresentFail="false" alwaysSendUNA="true" characterEncoding="ISO8859_1"     sendGroups="true" sendSyntaxVersion="VERSION3"        sendUniqueMessageNumbers="true" groupIdPartner="RECEPIENT" groupIdQualifierPartner="ZZ" groupIdQualifierSelf="ZZ" groupIdSelf="SENDER">
        <edifact-edi:schemas>
            <edifact-edi:schema>/edifact/d97a/ORDERS.esl</edifact-edi:schema>
        </edifact-edi:schemas>
    </edifact-edi:config> 
</mule>
